{
	"BorderColor": "255, 0, 255, 255", 								// 線の色
	"BackgroundColor": "255, 0, 0, 64", 							// 背景色

	// 情報欄の色
	"InfoBackgroundColor": "255, 0, 0, 64", 						// 背景色
	"InfoTagColor": "255, 0, 255, 255", 							// 項目名の文字色
	"InfoValueColor": "255, 255, 255, 255", 						// 値の文字色
	"InfoClockColor": "255, 0, 255, 0", 							// 年月日の文字色

	// ListViewの文字の色
	"ListViewItemColorDirectory": "255, 0, 255, 255", 				// 属性Directoryの文字色
	"ListViewItemColorNotRead": "255, 128, 128, 128", 				// 属性NotReadの文字色
	"ListViewItemColorReadOnly": "255, 64, 255, 0",					// 属性ReadOnlyの文字色
	"ListViewItemColorHidden": "255, 96, 96, 255", 					// 属性Hiddenの文字色
	"ListViewItemColorSystem": "255, 255, 0, 255", 					// 属性Systemの文字色
	"ListViewItemColorArchive": "255, 255, 255, 0", 				// 属性Archiveと属性なしの文字色

	"TreeViewItemColor": "255, 255, 255, 255", 						// TreeViewの文字色

	"SelectedItemColor": "128, 38, 160, 218", 						// カーソルの色(選択時)
	"UnselectedItemColor": "128, 128, 128, 128"						// カーソルの色(非選択時)
}
