{
  "windowLeft": 520,
  "windowTop": 210,
  "windowHeight": 600,
  "windowWidth": 927,
  "IsCaseSensitive": false,
  "IsExtRename": false,
  "FileMask": "*",
  "SortItem": "Name",
  "SortDirection": 0,
  "ShowAttributes": [
    "-",
    "-"
  ],
  "TextEditor": "C:\\Program Files (x86)\\sakura\\sakura.exe",
  "TextEditorRCOption": "-X=%Col% -Y=%Row%",
  "MaxLength": 1024000,
  "TextExt": "TXT,cs,xaml",
  "ImageExt": "PNG,JPG,JPEG,BMP,GIF,TIFF,ICO",
  "MediaExt": "mp3,wav,m4a,avi,mpg,mp4,m4v,wmv",
  "IsViewerZip": true
}