{
    // MainWindowの背景色
    "MainWindowBackgroundColor": "255, 45, 45, 45",

    // 情報欄の色
    "InfoBackgroundColor": "255, 37, 37, 37",                   // 背景色
    "InfoBorderColor": "255,0,255,255",                         // 線の色
    "InfoTagColor": "255,0,255,255",                            // 項目名の文字色
    "InfoValueColor": "255,255,255,255",                        // 値の文字色
    "InfoClockColor": "255,0,255,0",                            // 年月日の文字色

    // ListViewの色
    "ListViewBackgroundColor": "255, 37, 37, 37",               // 背景色
    "ListViewItemColorDirectory": "255,0,255,255",              // 属性Directoryの文字色
    "ListViewItemColorReadOnly": "255,0,255,0",                 // 属性ReadOnlyの文字色
    "ListViewItemColorHidden": "255,0,0,255",                   // 属性Hiddenの文字色
    "ListViewItemColorSystem": "255,255,0,255",                 // 属性Systemの文字色
    "ListViewItemColorArchive": "255,255,255,0",                // 属性Archiveと属性なしの文字色
    "LimitationListViewBackgroundColor": "255, 50, 37, 37",     // ZIP、SFTPなどの機能制限ドライブ時の背景色

    // TreeViewの色
    "TreeViewBackgroundColor": "255, 37, 37, 37",               // 背景色
    "TreeViewBorderColor": "255,0,255,255",                     // 線の色
    "TreeViewItemColor": "255,255,255,255",                     // 文字色

    // GridSplitter(TreeViewとListViewの境界)の色
    "GridSplitterBackgroundColor": "255, 0, 0, 64",

    // TabControlの色
    "TabControlBackgroundColor": "255, 37, 37, 37",             // 背景色
    "TabControlBorderColor": "255,0,255,255",                   // 線の色

    // カーソルの色
    "SelectedItemColor": "128,38,160,218",                      // 選択時
    "UnselectedItemColor": "128,128,128,128"                    // 非選択時
}
